{
  "accuracy": 0.5037188274755724,
  "precision": 0.5333333333333333,
  "recall": 0.0011752607609813426,
  "f1": 0.0023453532688361184,
  "roc_auc": 0.5000808980799261,
  "confusion_matrix": [
    [
      6900,
      7
    ],
    [
      6799,
      8
    ]
  ]
}