{
  "accuracy": 0.7294735306985562,
  "precision": 0.7596218771100608,
  "recall": 0.6631299734748011,
  "f1": 0.7081038552321007,
  "roc_auc": 0.7924164740407673,
  "confusion_matrix": [
    [
      5504,
      1424
    ],
    [
      2286,
      4500
    ]
  ],
  "threshold": 0.5
}